{"epoch": 0, "loss_data": 1160404.9823902757, "loss_0": 0.0028402821291357724, "loss_colloc": 0.0016721931364906736, "loss_b": 1.1920003368248053e-12, "Total_loss": 404332.0710825581, "_timestamp": 1651635011, "_runtime": 678, "_step": 0, "_wandb": {"runtime": 677}}