{"epoch": 9, "loss_data": 3507617.556252278, "loss_0": 3097617.621833477, "loss_colloc": 1.0307332690968578e+20, "loss_b": 67.57806638289861, "Total_loss": 3.630770818622262e+19, "_timestamp": 1652879133, "_runtime": 190, "_step": 10, "Test error": 3912696.8478877097, "Prediction": {"_type": "image-file", "sha256": "4bea7e6735ab18afbe2edfa308705dff4891165dcc15f10a6ad9ead81c3e94e7", "size": 48050, "path": "media/images/Prediction_1_4bea7e6735ab18afbe2e.png", "format": "png", "width": 1300, "height": 300}}