{"epoch": 3311, "loss_data": 3506914.529379582, "loss_0": 3102251.5693465183, "loss_colloc": 9.888416162341964e+17, "loss_b": 43.863232723159186, "Total_loss": 4.047070900668425e+18, "_timestamp": 1651782703, "_runtime": 60358, "_step": 3643, "Test error": 3929738.1136764605, "Prediction": {"_type": "image-file", "sha256": "67136364f8ce7273d3ae6d9d6a853bbd4efc3e329507a1e16217fe05a08c434d", "size": 32771, "path": "media/images/Prediction_3642_67136364f8ce7273d3ae.png", "format": "png", "width": 1300, "height": 300}, "_wandb": {"runtime": 60358}}