{"epoch": 1566, "loss_data": 1124063.9421899598, "loss_0": 0.0027952404074865116, "loss_colloc": 3.714583364068364e-41, "loss_b": 7.396116339152947e-54, "Total_loss": 108604701.00788239, "_timestamp": 1651719248, "_runtime": 83177, "_step": 1723, "Test error": 2287489.3239405695, "Prediction": {"_type": "image-file", "sha256": "b498d42b4cf65c02a0964acce8d13d924d3614de2e954397d3c06fab6fbaaff3", "size": 44135, "path": "media/images/Prediction_1717_b498d42b4cf65c02a096.png", "format": "png", "width": 1300, "height": 300}, "_wandb": {"runtime": 83183}}