{"epoch": 8, "loss_data": 3493024.2409797236, "loss_0": 3095053.6607595105, "loss_colloc": 37638110298510.51, "loss_b": 33.13744498807529, "Total_loss": 7746210053246.252, "_timestamp": 1651783502, "_runtime": 693, "_step": 9, "Test error": 3914905.667006238, "Prediction": {"_type": "image-file", "sha256": "094c9ab0085fff3fa4dd88277e3ab44441971d7247e2972418424177baecd806", "size": 32838, "path": "media/images/Prediction_1_094c9ab0085fff3fa4dd.png", "format": "png", "width": 1300, "height": 300}}